TAA,,Tarapaina Airport[1],"Tarapaina, Solomon Islands"
TAB,TTCP,Arthur Napoleon Raymond Robinson International Airport,"Tobago, Trinidad and Tobago"
TAC,RPVA,Daniel Z. Romualdez Airport,"Tacloban, Philippines"
TAD,KTAD,Perry Stokes Airport,"Trinidad, Colorado, United States"
TAE,RKTN,Daegu International Airport,"Daegu, South Korea"
TAF,DAOL,Oran Tafaraoui Airport,"Oran, Algeria"
TAG,RPSP,Bohol–Panglao International Airport,"Tagbilaran, Philippines"
TAH,NVVW,Whitegrass Airport,"Tanna Island, Vanuatu"
TAI,OYTZ,Taiz International Airport,"Taiz (Ta'izz), Yemen"
TAJ,,Tadji Airport,"Aitape, Papua New Guinea"
TAK,RJOT,Takamatsu Airport,"Takamatsu, Shikoku, Japan"
TAL,PATA,Ralph M. Calhoun Memorial Airport,"Tanana, Alaska, United States"
TAM,MMTM,General Francisco Javier Mina International Airport,"Tampico, Tamaulipas, Mexico"
TAN,YTGA,Tangalooma Airport,"Tangalooma, Queensland, Australia"
TAO,ZSQD,Qingdao Jiaodong International Airport,"Qingdao, Shandong, China"
TAP,MMTP,Tapachula International Airport,"Tapachula, Chiapas, Mexico"
TAQ,,Tarcoola Airport[1],"Tarcoola, South Australia, Australia"
TAR,LIBG,Taranto-Grottaglie Airport,"Taranto, Apulia, Italy"
TAS,UTTT,Tashkent International Airport,"Tashkent, Uzbekistan"
TAT,LZTT,Poprad–Tatry Airport,"Poprad, Slovakia"
TAU,,Tauramena Airport[1],"Tauramena, Colombia"
TAV,,Tau Airport (FAA: HI36),"Tau, American Samoa"
TAW,SUTB,Tacuarembó Airport,"Tacuarembó, Uruguay"
TAX,WAPT,Taliabu Airport,"Taliabu, Indonesia"
TAY,EETU,Tartu Airport,"Tartu, Estonia"
TAZ,UTAT,Daşoguz Airport,"Daşoguz (Dashoguz), Turkmenistan"
TBA,,Tabibuga Airport[1],"Tabibuga, Papua New Guinea"
TBB,VVTH,Dong Tac Airport[1],"Tuy Hòa, Vietnam"
TBC,,Tuba City Airport[1] (FAA: T03),"Tuba City, Arizona, United States"
TBD,SKMB,Timbiquí Airport[1],"Timbiquí, Colombia"
TBE,,Timbunke Airport[1],"Timbunke, Papua New Guinea"
TBF,NGTE,Tabiteuea North Airport[1],"Tabiteuea North, Kiribati"
TBG,AYTB,Tabubil Airport[1],"Tabubil, Papua New Guinea"
TBH,RPVU,Tugdan Airport,"Tablas Island, Philippines"
TBI,MYCB,New Bight Airport,"New Bight, Cat Island, Bahamas"
TBJ,DTKA,Tabarka–Aïn Draham International Airport,"Tabarka, Tunisia"
TBK,YTBR,Timber Creek Airport[1],"Timber Creek, Northern Territory, Australia"
TBL,YTAB,Tableland Homestead Airport[1],"Tableland, Western Australia, Australia"
TBM,WAOW,Tumbang Samba Airport[1],"Tumbang Samba, Indonesia"
TBN,KTBN,Waynesville-St. Robert Regional Airport (Forney Field),"Fort Leonard Wood, Missouri, United States"
TBO,HTTB,Tabora Airport[1],"Tabora, Tanzania"
TBP,SPME,Cap. FAP Pedro Canga Rodríguez Airport,"Tumbes, Peru"
TBQ,,Tarabo Airport[1],"Tarabo, Papua New Guinea"
TBR,KTBR,Statesboro–Bulloch County Airport,"Statesboro, Georgia, United States"
TBS,UGTB,Tbilisi International Airport,"Tbilisi, Georgia"
TBT,SBTT,Tabatinga International Airport,"Tabatinga, Amazonas, Brazil"
TBU,NFTF,Fuaʻamotu International Airport,"Nukuʻalofa, Tonga"
TBV,,Tabal Airport[1],"Tabal Island, Aur Atoll, Marshall Islands"
TBW,UUOT,Tambov Donskoye Airport,"Tambov, Tambov Oblast, Russia"
TBY,FBTS,Tshabong Airport[1],"Tsabong, Botswana"
TBZ,OITT,Tabriz International Airport,"Tabriz, Iran"
TCA,YTNK,Tennant Creek Airport,"Tennant Creek, Northern Territory, Australia"
TCB,MYAT,Treasure Cay Airport,"Treasure Cay, Abaco Islands, Bahamas"
TCC,KTCC,Tucumcari Municipal Airport,"Tucumcari, New Mexico, United States"
TCD,SKRA,Tarapacá Airport[1],"Tarapacá, Colombia"
TCE,LRTC,Tulcea Danube Delta Airport[1],"Tulcea, Romania"
TCF,,Tocoa Airport[1],"Tocoa, Honduras"
TCG,ZWTC,Tacheng Airport[1],"Tacheng, Xinjiang, China"
TCH,FOOT,Tchibanga Airport[1],"Tchibanga, Gabon"
TCI[1],,metropolitan area1,"Tenerife, Canary Islands, Spain"
TCJ,,Torembi Airport[1],"Torembi, Papua New Guinea"
TCK,,Tinboli Airport[1],"Tinboli, Papua New Guinea"
TCL,KTCL,Tuscaloosa Regional Airport,"Tuscaloosa, Alabama, United States"
TCM,KTCM,McChord Field,"Tacoma, Washington, United States"
TCN,MMHC,Tehuacán Airport,"Tehuacán, Puebla, Mexico"
TCO,SKCO,La Florida Airport[1],"Tumaco, Colombia"
TCP,HETB,Taba International Airport,"Taba, Egypt"
TCQ,SPTN,Coronel FAP Carlos Ciriani Santa Rosa International Airport[1],"Tacna, Peru"
TCR,VOTK,Tuticorin Airport[1],"Thoothukudi (Tuticorin), Tamil Nadu, India"
TCS,KTCS,Truth or Consequences Municipal Airport,"Truth or Consequences, New Mexico, United States"
TCT,,Takotna Airport,"Takotna, Alaska, United States"
TCU,FATN,Thaba Nchu Airport[1],"Thaba 'Nchu, South Africa"
TCV,FQTE,Tete Airport,"Tete, Mozambique"
TCW,YTOC,Tocumwal Airport[1],"Tocumwal, New South Wales, Australia"
TCX,OIMT,Tabas Airport,"Tabas, Iran"
TCY,FYTE,Terrace Bay Airport[1],"Terrace Bay, Namibia"
TCZ,ZUTC,Tengchong Tuofeng Airport,"Tengchong, Yunnan, China"
TDA,SKTD,Trinidad Airport[1],"Trinidad, Colombia"
TDB,,Tetebedi Airport[1],"Tetebedi, Papua New Guinea"
TDD,SLTR,Teniente Jorge Henrich Arauz Airport,"Trinidad, Bolivia"
TDG,RPMW,Tandag Airport,"Tandag, Philippines"
TDJ,HDTJ,Tadjoura Airport[1],"Tadjoura, Djibouti"
TDK,,Taldykorgan Airport,"Taldykorgan, Kazakhstan"
TDL,SAZT,Tandil Airport,"Tandil, Buenos Aires, Argentina"
TDN,YTHD,Theda Station Airport[1],"Theda Station, Western Australia, Australia"
TDO,KTDO,South Lewis County Airport (Ed Carlson Memorial Field),"Toledo, Washington, United States"
TDP,SPDR,Trompeteros Airport[1],"Trompeteros, Peru"
TDR,YTDR,Theodore Airport,"Theodore, Queensland, Australia"
TDS,AYSS,Sasereme Airport,"Sasereme, Papua New Guinea"
TDT,,Tanda Tula Airport[1],"Timbavati, South Africa"
TDV,FMSN,Samangoky Airport,"Tanandava, Madagascar"
TDW,KTDW,Tradewind Airport,"Amarillo, Texas, United States"
TDX,VTBO,Trat Airport,"Trat, Thailand"
TDZ,KTDZ,Toledo Executive Airport,"Toledo, Ohio, United States"
TEA,MHTE,Tela Airport[1],"Tela, Honduras"
TEB,KTEB,Teterboro Airport,"Teterboro, New Jersey, United States"
TEC,SBTL,Telêmaco Borba Airport[1],"Telêmaco Borba, Paraná, Brazil"
TED,EKTS,Thisted Airport,"Thisted, Denmark"
TEE,DABS,Cheikh Larbi Tébessi Airport[1],"Tébessa, Algeria"
TEF,YTEF,Telfer Airport[1],"Telfer, Western Australia, Australia"
TEG,DFET,Tenkodogo Airport,"Tenkodogo, Burkina Faso"
TEH,,Tetlin Airport[1] (FAA: 3T4),"Tetlin, Alaska, United States"
TEI,VETJ,Tezu Airport,"Tezu, Arunachal Pradesh, India"
TEK,PAKA,Tatitlek Airport (FAA: 7KA),"Tatitlek, Alaska, United States"
TEL,WBKE,Telupid Airport[1],"Telupid, Sabah, Malaysia"
TEM,YTEM,Temora Airport[1],"Temora, New South Wales, Australia"
TEN,ZUTR,Tongren Fenghuang Airport,"Tongren, Guizhou, China"
TEO,,Terapo Airport[1],"Terapo, Papua New Guinea"
TEP,,Teptep Airport[1],"Teptep, Papua New Guinea"
TEQ,LTBU,Tekirdağ Çorlu Airport,"Tekirdağ, Turkey"
TER,LPLA,Lajes Airport,"Terceira Island, Azores, Portugal"
TES,HHTS,Teseney Airport[1],"Teseney, Eritrea"
TET,FQTT,Chingozi Airport,"Tete, Mozambique"
TEU,NZMO,Te Anau Airport[1] (Manapouri Airport),"Te Anau, New Zealand"
TEV,LETL,Teruel Airport[1],"Teruel, Aragon, Spain"
TEX,KTEX,Telluride Regional Airport,"Telluride, Colorado, United States"
TEY,BITE,Thingeyri Airport[1],"Thingeyri (Þingeyri), Iceland"
TEZ,VETZ,Tezpur Airport,"Tezpur, Assam, India"
TFB,,Tifalmin Airport[1],"Tifalmin, Papua New Guinea"
TFF,SBTF,Tefé Airport,"Tefé, Amazonas, Brazil"
TFI,AYTU,Tufi Airport[1],"Tufi, Papua New Guinea"
TFL,SNTO,Teófilo Otoni Airport[1] (Juscelino Kubitscheck Airport),"Teófilo Otoni, Minas Gerais, Brazil"
TFM,AYTE,Telefomin Airport[1],"Telefomin, Papua New Guinea"
TFN,GCXO,Tenerife–North Airport (Los Rodeos Airport),"Tenerife, Canary Islands, Spain"
TFR,HE13,Wadi al Jandali Airport[1],"10th of Ramadan City, Egypt"
TFS,GCTS,Tenerife–South Airport (Reina Sofia Airport),"Tenerife, Canary Islands, Spain"
TFT,,Taftan Airport[1],"Taftan, Pakistan"
TFU,,Chengdu Tianfu International Airport,"Jianyang, Chengdu, China"
TGA,WSAT,Tengah Air Base,Singapore
TGB,,Tagbita Airport,"Rizal, Philippines"
TGC,WBTM,Tanjung Manis Airport[1],"Tanjung Manis, Sarawak, Malaysia"
TGD,LYPG,Podgorica Airport,"Podgorica, Montenegro"
TGE,,Sharpe Field (FAA: AL73),"Tuskegee, Alabama, United States"
TGG,WMKN,Sultan Mahmud Airport,"Kuala Terengganu, Terengganu, Malaysia"
TGH,NVST,Tongoa Airport,"Tongoa, Shefa, Vanuatu"
TGI,SPGM,Tingo María Airport,"Tingo María, Peru"
TGJ,NWWA,Tiga Airport[1],"Tiga Island, Loyalty Islands, New Caledonia"
TGK,URRT,Taganrog Airport[1],"Taganrog, Rostov Oblast, Russia"
TGL,,Tagula Airport[1],"Vanatinai (Tagula Island), Papua New Guinea"
TGM,LRTM,Târgu Mureș International Airport,"Târgu Mureș, Romania"
TGN,YLTV,Latrobe Regional Airport[1],"Traralgon, Victoria, Australia"
TGO,ZBTL,Tongliao Airport[1],"Tongliao, Inner Mongolia, China"
TGP,UNIP,Podkamennaya Tunguska Airport,"Bor, Krasnoyarsk Krai, Russia"
TGQ,SWTS,Tangará da Serra Airport[1],"Tangará da Serra, Mato Grosso, Brazil"
TGR,DAUK,Sidi Mahdi Airport[1],"Touggourt, Algeria"
TGS,,Chokwe Airport[1],"Chokwe, Mozambique"
TGT,HTTG,Tanga Airport[1],"Tanga, Tanzania"
TGU,MHTG,Toncontín International Airport,"Tegucigalpa, Honduras"
TGV,LBTG,Targovishte Airport[1] (Buhovtsi Airfield),"Targovishte, Bulgaria"
TGZ,MMTG,Ángel Albino Corzo International Airport,"Tuxtla Gutiérrez, Chiapas, Mexico"
THA,KTHA,Tullahoma Regional Airport (William Northern Field),"Tullahoma, Tennessee, United States"
THB,FXTA,Thaba Tseka Airport[1],"Thaba-Tseka, Lesotho"
THC,GLTN,Tchien Airport,"Tchien, Liberia"
THD,VVTX,Tho Xuan Airport,"Thanh Hóa, Vietnam"
THE,SBTE,Teresina–Senador Petrônio Portella Airport,"Teresina, Piauí, Brazil"
THG,YTNG,Thangool Airport[1],"Thangool, Queensland, Australia"
THH,,Taharoa Aerodrome[1],"Taharoa, New Zealand"
THI,GQNC,Tichitt Airport,"Tichit, Mauritania"
THK,VLTK,Thakhek Airport[1],"Thakhek, Laos"
THL,VYTL,Tachilek Airport,"Tachileik (Tachilek), Myanmar"
THM,KTHM,Thompson Falls Airport[1],"Thompson Falls, Montana, United States"
THN,ESGT,Trollhättan–Vänersborg Airport,"Trollhättan / Vänersborg, Sweden"
THO,BITN,Thorshofn Airport,"Thorshofn (Þórshöfn), Iceland"
THP,KTHP,Hot Springs County–Thermopolis Municipal Airport,"Thermopolis, Wyoming, United States"
THQ,ZLTS,Tianshui Maijishan Airport[1],"Tianshui, Gansu, China"
THR,OIII,Mehrabad International Airport,"Tehran, Iran"
THS,VTPO,Sukhothai Airport,"Sukhothai, Thailand"
THT,GQNT,Tamchakett Airport,"Tamchakett, Mauritania"
THU,BGTL,Pituffik Space Base,"Pituffik, Greenland"
THV,KTHV,York Airport,"York, Pennsylvania, United States"
THW,,Trincomalee Harbour Seaplane Base[1],"Trincomalee, Sri Lanka"
THX,UOTT,Turukhansk Airport,"Turukhansk, Krasnoyarsk Krai, Russia"
THY,FATH,P.R. Mphephu Airport[1],"Thohoyandou, South Africa"
THZ,DRRT,Tahoua Airport,"Tahoua, Niger"
TIA,LATI,Tirana International Airport Nënë Tereza,"Tirana, Albania"
TIB,SKTB,Tibú Airport[1],"Tibú, Colombia"
TIC,,Tinak Airport (FAA: N18),"Tinak Island, Arno Atoll, Marshall Islands"
TID,DAOB,Abdelhafid Boussouf Bou Chekif Airport[1],"Tiaret, Algeria"
TIE,HATP,Tippi Airport[1],"Tepi (Tippi), Ethiopia"
TIF,OETF,Ta'if Regional Airport,"Ta'if, Saudi Arabia"
TIG,,Tingwon Airport[1],"Tingwon, Papua New Guinea"
TIH,NTGC,Tikehau Airport[1],"Tikehau, Tuamotus, French Polynesia"
TII,OATN,Tarinkot Airport,"Tarinkot (Tarin Kowt), Afghanistan"
TIJ,MMTJ,Tijuana International Airport,"Tijuana, Baja California, Mexico"
TIK,KTIK,Tinker Air Force Base,"Oklahoma City, Oklahoma, United States"
TIL,,Cheadle Airport[1] (TC: CFQ4),"Cheadle, Alberta, Canada"
TIM,WABP,Mozes Kilangin Airport,"Tembagapura / Timika, Indonesia"
TIN,DAOF,Tindouf Airport[1],"Tindouf, Algeria"
TIO,VYHN,Tilin Airport[1],"Htilin (Tilin), Myanmar"
TIP,HLLT,Tripoli International Airport,"Tripoli, Libya"
TIQ,PGWT,Tinian International Airport (West Tinian Airport) (FAA: TNI),"Tinian, Northern Mariana Islands"
TIR,VOTP,Tirupati Airport,"Tirupati, Andhra Pradesh, India"
TIS,,Thursday Island Airport,"Thursday Island, Australia"
TIU,NZTU,Richard Pearse Airport,"Timaru, New Zealand"
TIV,LYTV,Tivat Airport,"Tivat, Montenegro"
TIW,KTIW,Tacoma Narrows Airport,"Tacoma, Washington, United States"
TIX,KTIX,Space Coast Regional Airport,"Titusville, Florida, United States"
TIY,GQND,Tidjikja Airport,"Tidjikja, Mauritania"
TIZ,AYTA,Tari Airport[1],"Tari, Papua New Guinea"
TJA,SLTJ,Capitán Oriel Lea Plaza Airport,"Tarija, Bolivia"
TJB,WIBT,Sei Bati Airport[1],"Tanjung Balai, Indonesia"
TJC,,Ticantiquí Airport[1],"Ticantiquí, Panama"
TJG,WAON,Warukin Airport[1],"Tanjung, Indonesia"
TJH,RJBT,Tajima Airport[1],"Toyooka, Honshu, Japan"
TJI,MHTJ,Trujillo Airport[1] (Capiro Airport),"Trujillo, Honduras"
TJK,LTAW,Tokat Airport,"Tokat, Turkey"
TJL,SBTG,Plínio Alarcom Airport,"Três Lagoas, Mato Grosso do Sul, Brazil"
TJM,USTR,Roshchino International Airport,"Tyumen, Tyumen Oblast, Russia"
TJN,NTKM,Takume Airport[1],"Takume, Tuamotus, French Polynesia"
TJQ,WIKD,H.A.S. Hanandjoeddin Airport (Buluh Tumbang Airport),"Tanjung Pandan, Indonesia"
TJS,WAGD,Tanjung Harapan Airport[1],"Tanjung Selor, Indonesia"
TJU,UTDK,Kulob Airport[1],"Kulob, Tajikistan"
TJV,VOTJ,Thanjavur Air Force Station[1],"Thanjavur, Tamil Nadu, India"
TKA,PATK,Talkeetna Airport,"Talkeetna, Alaska, United States"
TKB,,Tekadu Airport[1],"Tekadu, Papua New Guinea"
TKC,FKKC,Tiko Airport[1],"Tiko, Cameroon"
TKD,DGTK,Takoradi Airport,"Sekondi-Takoradi, Ghana"
TKE,,Tenakee Seaplane Base[1],"Tenakee Springs, Alaska, United States"
TKF,KTRK,Truckee Tahoe Airport (FAA: TRK),"Truckee, California, United States"
TKG,WILL,Radin Inten II Airport,"Bandar Lampung, Indonesia"
TKH,VTPI,Takhli Royal Thai Air Force Base[1],"Takhli, Thailand"
TKI,,Tokeen Seaplane Base (FAA: 57A),"Tokeen, Alaska, United States"
TKJ,PFTO,Tok Junction Airport[1] (FAA: 6K8),"Tok, Alaska, United States"
TKK,PTKK,Chuuk International Airport,"Chuuk, Federated States of Micronesia"
TKL,,Taku Lodge Seaplane Base[1],"Taku Lodge, Alaska, United States"
TKN,RJKN,Tokunoshima Airport[1],"Tokunoshima, Amami Islands, Japan"
TKO,FXTK,Tlokoeng Airport[1],"Tlokoeng, Lesotho"
TKP,NTGT,Takapoto Airport[1],"Takapoto, Tuamotus, French Polynesia"
TKQ,HTKA,Kigoma Airport,"Kigoma, Tanzania"
TKR,VGSG,Thakurgaon Airport[1],"Thakurgaon, Bangladesh"
TKS,RJOS,Tokushima Airport[1],"Tokushima, Shikoku, Japan"
TKT,VTPT,Tak Airport,"Tak, Thailand"
TKU,EFTU,Turku Airport,"Turku, Finland"
TKV,NTGO,Tatakoto Airport[1],"Tatakoto, Tuamotus, French Polynesia"
TKW,AYTN,Tekin Airport[1],"Tekin, Papua New Guinea"
TKX,NTKR,Takaroa Airport[1],"Takaroa, Tuamotus, French Polynesia"
TKY,YTKY,Turkey Creek Airport[1],"Warmun (Turkey Creek), Western Australia, Australia"
TKZ,NZTO,Tokoroa Aerodrome[1],"Tokoroa, New Zealand"
TLA,PATE,Teller Airport (FAA: TER),"Teller, Alaska, United States"
TLB,OPTA,Tarbela Dam Airport[1],"Tarbela Dam, Pakistan"
TLC,MMTO,Licenciado Adolfo López Mateos International Airport,"Toluca, State of Mexico, Mexico"
TLD,FBTL,Tuli Lodge Airport[1],"Tuli Lodge, Botswana"
TLE,FMST,Toliara Airport[1],"Toliara, Madagascar"
TLF,,Telida Airport (FAA: 2K5),"Telida, Alaska, United States"
TLG,AGTI,Tulaghi Heliport[1],"Tulagi, Solomon Islands"
TLH,KTLH,Tallahassee International Airport,"Tallahassee, Florida, United States"
TLI,WAMI,Sultan Bantilan Airport[1] (Lalos Airport),"Tolitoli, Indonesia"
TLJ,PATL,Tatalina LRRS Airport,"Tatalina, Alaska, United States"
TLK,UECT,Talakan Airport,"Talakan, Yakutia, Russia"
TLL,EETN,Tallinn Airport (Lennart Meri Tallinn Airport),"Tallinn, Estonia"
TLM,DAON,Zenata – Messali El Hadj Airport[1],"Tlemcen, Algeria"
TLN,LFTH,Toulon–Hyères Airport (Hyères Le Palyvestre Airport),"Toulon / Hyères, Provence-Alpes-Côte d'Azur, France"
TLO,,Tol Airport[1],"Tol, Papua New Guinea"
TLP,,Tumolbil Airport[1],"Tumolbil, Papua New Guinea"
TLQ,ZWTP,Turpan Jiaohe Airport,"Turpan, Xinjiang, China"
TLR,KTLR,Mefford Field Airport,"Tulare, California, United States"
TLS,LFBO,Toulouse–Blagnac Airport,"Toulouse, Midi-Pyrénées, France"
TLT,,Tuluksak Airport,"Tuluksak, Alaska, United States"
TLU,SKTL,Golfo de Morrosquillo Airport[1],"Tolú, Colombia"
TLV,LLBG,Ben Gurion Airport,"Tel Aviv, Israel"
TLW,AYVL,Talasea Airport[1],"Talasea, Papua New Guinea"
TLX,SCTL,Panguilemo Airport[1],"Talca, Chile"
TLY,UHWP,Plastun Airport[1],"Plastun, Primorsky Krai, Russia"
TLZ,SWKT,Catalão Airport[1],"Catalão, Goiás, Brazil"
TMA,KTMA,Henry Tift Myers Airport,"Tifton, Georgia, United States"
TMB,KTMB,Miami Executive Airport,"Miami, Florida, United States"
TMC,WADT,Tambolaka Airport[1] (Waikabubak Airport),"Tambolaka, Indonesia"
TMD,GQNH,Timbedra Airport,"Timbédra, Mauritania"
TME,SKTM,Gabriel Vargas Santos Airport,"Tame, Colombia"
TMF,VRNT,Thimarafushi Airport,"Thimarafushi, Thaa Atoll, Maldives"
TMG,WBKM,Tommanggong Airport[1],"Tommanggong, Sabah, Malaysia"
TMH,WAKT,Tanah Merah Airport[1],"Tanahmerah, Indonesia"
TMI,VNTR,Tumlingtar Airport[1],"Tumlingtar, Nepal"
TMJ,UTST,Termez Airport,"Termez, Uzbekistan"
TMK,,Tam Kỳ Airport[1],"Tam Kỳ, Vietnam"
TML,DGLE,Tamale Airport,"Tamale, Ghana"
TMM,FMMT,Toamasina Airport,"Toamasina, Madagascar"
TMN,NGTM,Tamana Airport[1],"Tamana, Kiribati"
TMO,SVTM,Tumeremo Airport[1],"Tumeremo, Venezuela"
TMP,EFTP,Tampere–Pirkkala Airport,"Tampere, Finland"
TMQ,DFEM,Tambao Airport,"Tambao, Burkina Faso"
TMR,DAAT,Aguenar – Hadj Bey Akhamok Airport,"Tamanrasset, Algeria"
TMS,FPST,São Tomé International Airport,"São Tomé, São Tomé and Príncipe"
TMT,SBTB,Porto Trombetas Airport,"Porto Trombetas / Oriximiná, Pará, Brazil"
TMU,MRTR,Tambor Airport,"Tambor, Costa Rica"
TMW,YSTW,Tamworth Airport,"Tamworth, New South Wales, Australia"
TMX,DAUT,Timimoun Airport[1],"Timimoun, Algeria"
TMY,,Tiom Airport[1],"Tiom, Indonesia"
TMZ,NZTH,Thames Aerodrome,"Thames, New Zealand"
TNA,ZSJN,Jinan Yaoqiang International Airport,"Jinan, Shandong, China"
TNB,WRLH,Tanah Grogot Airport[1],"Tanah Grogot, Indonesia"
TNC,PATC,Tin City LRRS Airport,"Tin City, Alaska, United States"
TND,MUTD,Alberto Delgado Airport[1],"Trinidad, Cuba"
TNE,RJFG,New Tanegashima Airport[1],"Tanegashima, Ōsumi Islands, Japan"
TNF,LFPN,Toussus-le-Noble Airport,"Toussus-le-Noble, Île-de-France, France"
TNG,GMTT,Tangier Ibn Battouta Airport,"Tangier, Morocco"
TNH,ZYTN,Tonghua Sanyuanpu Airport,"Tonghua, Jilin, China"
TNI,VIST,Satna Airport,"Satna, Madhya Pradesh, India"
TNJ,WIDN,Raja Haji Fisabilillah Airport,"Tanjung Pinang, Indonesia"
TNK,,Tununak Airport (FAA: 4KA),"Tununak, Alaska, United States"
TNL,UKLT,Ternopil International Airport,"Ternopil, Ukraine"
TNM,SCRM,Teniente R. Marsh Airport,"King George Island, Antarctica"
TNN,RCNN,Tainan Airport,"Tainan, Taiwan"
TNO,MRTM,Tamarindo Airport,"Tamarindo, Costa Rica"
TNP,KTNP,Twentynine Palms Airport,"Twentynine Palms, California, United States"
TNQ,,Teraina Airport,"Teraina, Kiribati"
TNR,FMMI,Ivato International Airport,"Antananarivo, Madagascar"
TNS,,Tungsten (Cantung) Airport[1] (TC: CBX5),"Tungsten, Northwest Territories, Canada"
TNT,KTNT,Dade-Collier Training and Transition Airport,"Miami, Florida, United States"
TNU,KTNU,Newton Municipal Airport,"Newton, Iowa, United States"
TNV,,Tabuaeran Island Airport[1],"Tabuaeran, Kiribati"
TNW,SEJD,Jumandy Airport[1],"Tena, Ecuador"
TNX,VDST,Steung Treng Airport[1],"Stung Treng, Cambodia"
TNZ,ZMTL,Tosontsengel Airport[1],"Tosontsengel, Mongolia"
TOA,KTOA,Zamperini Field,"Torrance, California, United States"
TOB,HLGN,Tobruk Airport,"Tobruk, Libya"
TOC,KTOC,Toccoa Airport (R.G. LeTourneau Field),"Toccoa, Georgia, United States"
TOD,WMBT,Tioman Airport,"Tioman Island, Pahang, Malaysia"
TOE,DTTZ,Tozeur–Nefta International Airport,"Tozeur, Tunisia"
TOF,UNTT,Bogashevo Airport,"Tomsk, Tomsk Oblast, Russia"
TOG,PATG,Togiak Airport,"Togiak, Alaska, United States"
TOH,NVSD,Torres Airport[1],"Torres Islands, Vanuatu"
TOI,KTOI,Troy Municipal Airport,"Troy, Alabama, United States"
TOJ,LETO,Madrid–Torrejón Airport,"Madrid, Community of Madrid, Spain"
TOK,,Torokina Airport[1],"Torokina, Papua New Guinea"
TOL,KTOL,Toledo Express Airport,"Toledo, Ohio, United States"
TOM,GATB,Timbuktu Airport,"Timbuktu (Tombouctou), Mali"
TON,,Tonu Airport[1],"Tonu, Papua New Guinea"
TOO,MRSV,San Vito de Java Airport[1],"San Vito, Costa Rica"
TOP,KTOP,Philip Billard Municipal Airport,"Topeka, Kansas, United States"
TOQ,SCBE,Barriles Airport[1],"Tocopilla, Chile"
TOR,KTOR,Torrington Municipal Airport,"Torrington, Wyoming, United States"
TOS,ENTC,"Tromsø Airport, Langnes","Tromsø, Norway"
TOT,SMCO,Totness Airstrip,"Totness, Suriname"
TOU,NWWU,Touho Airport[1],"Touho, New Caledonia"
TOV,,West End Seaplane Base[1],"Tortola, British Overseas Territory of Virgin Islands"
TOW,SBTD,Luiz dal Canalle Filho Airport[1],"Toledo, Paraná, Brazil"
TOX,USTO,Tobolsk Airport[1],"Tobolsk, Tyumen Oblast, Russia"
TOY,RJNT,Toyama Airport,"Toyama, Honshu, Japan"
TOZ,DITM,Mahana Airport[1],"Touba, Ivory Coast"
TPA,KTPA,Tampa International Airport,"Tampa, Florida, United States"
TPC,SETR,Tarapoa Airport[1],"Tarapoa, Ecuador"
TPE,RCTP,Taiwan Taoyuan International Airport,"Taoyuan, Taiwan"
TPF,KTPF,Peter O. Knight Airport,"Tampa, Florida, United States"
TPG,WMBI,Taiping Airport[1],"Taiping, Perak, Malaysia"
TPH,KTPH,Tonopah Airport,"Tonopah, Nevada, United States"
TPI,AYTI,Tapini Airport[1],"Tapini, Papua New Guinea"
TPJ,VNTJ,Taplejung Airport[1],"Taplejung, Nepal"
TPK,WITA,Teuku Cut Ali Airport[1],"Tapaktuan, Indonesia"
TPL,KTPL,Draughon–Miller Central Texas Regional Airport,"Temple, Texas, United States"
TPN,SETI,Tiputini Airport[1],"Tiputini, Ecuador"
TPP,SPST,Cad. FAP Guillermo del Castillo Paredes Airport[1],"Tarapoto, Peru"
TPQ,MMEP,Amado Nervo International Airport,"Tepic, Nayarit, Mexico"
TPR,YTMP,Tom Price Airport,"Tom Price, Western Australia, Australia"
TPS,LICT,Vincenzo Florio Airport Trapani–Birgi,"Trapani, Sicily, Italy"
TPT,,Tapeta Airport[1],"Tapeta, Liberia"
TPU,VNTP,Tikapur Airport[1],"Tikapur, Nepal"
TPX,NTTU,Tupai Airport[1],"Tūpai, Society Islands, French Polynesia"
TQD,ORAT,Al-Taqaddum Air Base[1],"Fallujah, Iraq"
TQL,USDS,Tarko-Sale Airport[1],"Tarko-Sale, Yamalo-Nenets Autonomous Okrug, Russia"
TQN,OATQ,Taloqan Airport,"Taloqan, Afghanistan"
TQP,YTEE,Trepell Airport,"Trepell, Queensland, Australia"
TQQ,,Maranggo Airport[1],"Tomia Island, Indonesia"
TQS,SKTQ,Captain Ernesto Esguerra Cubides Air Base[1],"Tres Esquinas, Colombia"
TRA,RORT,Tarama Airport[1],"Tarama, Miyako Islands, Japan"
TRB,SKTU,Gonzalo Mejía Airport[1],"Turbo, Colombia"
TRC,MMTC,Francisco Sarabia International Airport (Torreón Int'l),"Torreón, Coahuila, Mexico"
TRD,ENVA,"Trondheim Airport, Værnes","Trondheim, Norway"
TRE,EGPU,Tiree Airport,"Tiree, Scotland, United Kingdom"
TRF,ENTO,"Sandefjord Airport, Torp","Sandefjord / Oslo, Norway"
TRG,NZTG,Tauranga Airport,"Tauranga, New Zealand"
TRH,,Trona Airport (FAA: L72),"Trona, California, United States"
TRI,KTRI,Tri-Cities Regional Airport,"Bristol / Johnson City / Kingsport, Tennessee, United States"
TRJ,AYTT,Tarakbits Airport[1],"Tarakbits, Papua New Guinea"
TRK,WALR,Juwata International Airport,"Tarakan, Indonesia"
TRL,KTRL,Terrell Municipal Airport,"Terrell, Texas, United States"
TRM,KTRM,Jacqueline Cochran Regional Airport,"Thermal, California, United States"
TRN,LIMF,Turin Airport (Caselle Airport),"Turin, Piedmont, Italy"
TRO,YTRE,Taree Airport[1],"Taree, New South Wales, Australia"
TRQ,SBTK,José Galera dos Santos Airport[1],"Tarauacá, Acre, Brazil"
TRR,VCCT,China Bay Airport,"Trincomalee, Sri Lanka"
TRS,LIPQ,Trieste – Friuli Venezia Giulia Airport (Ronchi dei Legionari Airport),"Trieste, Friuli-Venezia Giulia, Italy"
TRU,SPRU,FAP Captain Carlos Martínez de Pinillos International Airport,"Trujillo, Peru"
TRV,VOTV,Trivandrum International Airport,"Thiruvananthapuram, Kerala, India"
TRW,NGTA,Bonriki International Airport,"Tarawa, Kiribati"
TRX,KTRX,Trenton Municipal Airport,"Trenton, Missouri, United States"
TRY,HUTO,Tororo Airport[1],"Tororo, Uganda"
TRZ,VOTR,Tiruchirappalli International Airport,"Tiruchirappalli (Tiruchchirappalli), Tamil Nadu, India"
TSA,RCSS,Taipei Songshan Airport,"Taipei, Taiwan"
TSB,FYTM,Tsumeb Airport[1],"Tsumeb, Namibia"
TSC,SETH,Taisha Airport[1],"Taisha, Ecuador"
TSD,,Tshipise Airport[1],"Tshipise, South Africa"
TSF,LIPH,Treviso-Sant'Angelo Airport,"Treviso / Venice, Veneto, Italy"
TSG,,Tanacross Airport,"Tanacross, Alaska, United States"
TSH,FZUK,Tshikapa Airport[1],"Tshikapa, Democratic Republic of the Congo"
TSI,,Tsile Tsile Airport[1],"Tsili Tsili (Tsile Tsile), Papua New Guinea"
TSJ,RJDT,Tsushima Airport,"Tsushima, Tsushima Island, Japan"
TSK,,Taskul Airport[1],"Taskul, Papua New Guinea"
TSL,MMTN,Tamuín National Airport,"Tamuín, San Luis Potosí, Mexico"
TSM,KSKX,Taos Regional Airport (FAA: SKX),"Taos, New Mexico, United States"
TSN,ZBTJ,Tianjin Binhai International Airport,"Tianjin, China"
TSP,KTSP,Tehachapi Municipal Airport,"Tehachapi, California, United States"
TSQ,SBTR,Torres Airport[1],"Torres, Rio Grande do Sul, Brazil"
TSR,LRTR,Timișoara Traian Vuia International Airport,"Timișoara, Romania"
TST,VTST,Trang Airport,"Trang, Thailand"
TSU,NGTS,Tabiteuea South Airport[1],"Tabiteuea South, Kiribati"
TSV,YBTL,Townsville Airport,"Townsville, Queensland, Australia"
TSW,,Tsewi Airport[1],"Tsewi, Papua New Guinea"
TSY,WICM,Tasikmalaya Airport[1] (Wiriadinata Airport),"Tasikmalaya, West Java, Indonesia"
TSX,WRLT,Tanjung Santan Airport[1],"Tanjung Santan, Indonesia"
TSZ,ZMTG,Tsetserleg Airport,"Tsetserleg, Mongolia"
TTA,GMAT,Tan Tan Airport (Plage Blanche Airport),"Tan-Tan, Morocco"
TTB,LIET,Tortolì Airport (Arbatax Airport),"Tortolì, Sardinia, Italy"
TTC,SCTT,Las Breas Airport[1],"Taltal, Chile"
TTD,KTTD,Portland–Troutdale Airport,"Portland, Oregon, United States"
TTE,WAEE,Sultan Babullah Airport[1],"Ternate, Indonesia"
TTG,SAST,"Tartagal ""General Enrique Mosconi"" Airport","Tartagal, Salta, Argentina"
TTH,OOTH,RAFO Thumrait[1],"Thumrait, Oman"
TTI,NTTE,Tetiaroa Airport[1],"Tetiaroa, Society Islands, French Polynesia"
TTJ,RJOR,Tottori Airport[1],"Tottori, Honshu, Japan"
TTL,,Turtle Island Seaplane Base[1],"Nanuya Levu, Fiji"
TTM,,Tablón de Tamará Airport,"Tablón de Tamará, Colombia"
TTN,KTTN,Trenton–Mercer Airport,"Trenton, New Jersey, United States"
TTO,KBTN,Britton Municipal Airport (FAA: BTN),"Britton, South Dakota, United States"
TTQ,MRBT,Tortuguero Airport (Barra de Tortuguero Airport),"Tortuguero, Costa Rica"
TTR,WAWT,Pongtiku Airport[1],"Tana Toraja, Indonesia"
TTS,FMNT,Tsaratanana Airport,"Tsaratanana, Madagascar"
TTT,RCFN,Taitung Airport (Taitung Fongnian Airport),"Taitung, Taiwan"
TTU,,Sania Ramel Airport,"Tétouan, Morocco"
TTW,,Tissa Tank Waterdrome[1],"Tissamaharama, Sri Lanka"
TTX,YTST,Truscott-Mungalalu Airport[1],"Mungalalu, Western Australia, Australia"
TUA,SETU,Teniente Coronel Luis a Mantilla International Airport,"Tulcán, Ecuador"
TUB,NTAT,Tubuai – Mataura Airport[1],"Tubuai, French Polynesia"
TUC,SANT,Teniente General Benjamín Matienzo International Airport,"San Miguel de Tucumán, Tucumán, Argentina"
TUD,GOTT,Tambacounda Airport,"Tambacounda, Senegal"
TUF,LFOT,Tours Val de Loire Airport,"Tours, Centre-Val de Loire, France"
TUG,RPUT,Tuguegarao Airport,"Tuguegarao, Philippines"
TUI,OETR,Turaif Domestic Airport[1],"Turaif, Saudi Arabia"
TUJ,HAMJ,Tum Airport[1],"Tum, Ethiopia"
TUK,OPTU,Turbat International Airport,"Turbat, Pakistan"
TUL,KTUL,Tulsa International Airport,"Tulsa, Oklahoma, United States"
TUM,YTMU,Tumut Airport[1],"Tumut, New South Wales, Australia"
TUN,DTTA,Tunis–Carthage International Airport,"Tunis, Tunisia"
TUO,NZAP,Taupo Airport,"Taupō, New Zealand"
TUP,KTUP,Tupelo Regional Airport,"Tupelo, Mississippi, United States"
TUQ,DFOT,Tougan Airport,"Tougan, Burkina Faso"
TUR,SBTU,Tucuruí Airport[1],"Tucuruí, Pará, Brazil"
TUS,KTUS,Tucson International Airport,"Tucson, Arizona, United States"
TUT,,Tauta Airport[1],"Tauta, Papua New Guinea"
TUU,OETB,Tabuk Regional Airport,"Tabuk, Saudi Arabia"
TUV,SVTC,San Rafael Airport[1],"Tucupita, Venezuela"
TUW,,Tubala Airport[1],"Tubala (Tubualá), Panama"
TUX,,Tumbler Ridge Airport[1] (TC: CBX7),"Tumbler Ridge, British Columbia, Canada"
TUY,,Tulum Airport,"Tulum, Quintana Roo, Mexico"
TUZ,,Tucumã Airport[1],"Tucumã, Pará, Brazil"
TVA,FMMR,Morafenobe Airport[1],"Morafenobe, Madagascar"
TVC,KTVC,Cherry Capital Airport,"Traverse City, Michigan, United States"
TVF,KTVF,Thief River Falls Regional Airport,"Thief River Falls, Minnesota, United States"
TVI,KTVI,Thomasville Regional Airport,"Thomasville, Georgia, United States"
TVL,KTVL,Lake Tahoe Airport,"South Lake Tahoe, California, United States"
TVS,ZBTS,Tangshan Sannühe Airport,"Tangshan, Hebei, China"
TVU,NFNM,Matei Airport,"Taveuni, Fiji"
TVY,VYDW,Dawei Airport,"Dawei, Myanmar"
TWA,,Twin Hills Airport (FAA: A63),"Twin Hills, Alaska, United States"
TWB,YTWB,Toowoomba City Aerodrome[1],"Toowoomba, Queensland, Australia"
TWC,,Tumxuk Tangwangcheng Airport[1],"Tumxuk, Xinjiang, China"
TWD,,Jefferson County International Airport (FAA: 0S9),"Port Townsend, Washington, United States"
TWE,,Taylor Airport (FAA: AK49),"Taylor, Alaska, United States"
TWF,KTWF,Magic Valley Regional Airport (Joslin Field),"Twin Falls, Idaho, United States"
TWN,,Tewantin Airport[1],"Tewantin, Queensland, Australia"
TWP,,Torwood Airport[1],"Torwood, Queensland, Australia"
TWT,RPMN,Sanga-Sanga Airport,"Tawitawi Island (Tawi-Tawi), Philippines"
TWU,WBKW,Tawau Airport,"Tawau, Sabah, Malaysia"
TWY,,Tawa Airport[1],"Tawa, Papua New Guinea"
TWZ,NZUK,Pukaki Airport[1] (Twizel Airport),"Twizel, New Zealand"
TXE,WITK,Rembele Airport[1],"Takengon, Sumatra, Indonesia"
TXF,SNTF,Teixeira de Freitas Airport[1] (9 de maio Airport),"Teixeira de Freitas, Bahia, Brazil"
TXK,KTXK,Texarkana Regional Airport (Webb Field),"Texarkana, Arkansas, United States"
TXM,WAST,Teminabuan Airport[1],"Teminabuan, Indonesia"
TXN,ZSTX,Huangshan Tunxi International Airport[1],"Huangshan, Anhui, China"
TXR,,Tanbar Airport[1],"Tanbar, Queensland, Australia"
TXU,DITB,Tabou Airport[1],"Tabou, Ivory Coast"
TYA,UUBT,Klokovo Airport[1],"Tula, Tula Oblast, Russia"
TYB,YTIB,Tibooburra Airport[1],"Tibooburra, New South Wales, Australia"
TYD,UHBW,Tynda Airport,"Tynda, Amur Oblast, Russia"
TYE,,Tyonek Airport,"Tyonek, Alaska, United States"
TYF,ESST,Torsby Airport[1],"Torsby, Sweden"
TYG,,Thylungra Airport[1],"Thylungra, Queensland, Australia"
TYL,SPYL,Capitán FAP Víctor Montes Arias International Airport,"Talara, Peru"
TYM,MYES,Staniel Cay Airport[1],"Staniel Cay, Exuma Islands, Bahamas"
TYN,ZBYN,Taiyuan Wusu International Airport,"Taiyuan, Shanxi, China"
TYO[1],,metropolitan area2,"Tokyo, Honshu, Japan"
TYP,YTMY,Tobermorey Airport[1],"Tobermorey, Northern Territory, Australia"
TYR,KTYR,Tyler Pounds Regional Airport,"Tyler, Texas, United States"
TYS,KTYS,McGhee Tyson Airport,"Knoxville, Tennessee, United States"
TYT,SUTR,Treinta y Tres Airport,"Treinta y Tres, Uruguay"
TYZ,KTYL,Taylor Airport (FAA: TYL),"Taylor, Arizona, United States"
TZA,,Belize City Municipal Airport,"Belize City, Belize"
TZC,KCFS,Tuscola Area Airport[1] (FAA: CFS),"Caro, Michigan, United States"
TZL,LQTZ,Tuzla International Airport,"Tuzla, Bosnia and Herzegovina"
TZM,,Cupul National Airport,"Tizimín, Yucatán, Mexico"
TZN,MYAK,South Andros Airport (Congo Town Airport),"South Andros, Andros Island, Bahamas"
TZO,,Tsimiroro Airport[1],"Ankisatra, Madagascar"
TZX,LTCG,Trabzon Airport,"Trabzon, Turkey"